timestamp,price,quantity,order_type,side,user_id
2026-05-30 09:07:52.252864,46733.57,0.3225,LIMIT,BUY,39
2026-05-30 09:37:56.373148,50574.53,0.2077,LIMIT,BUY,40
2026-05-30 10:03:19.744560,45925.92,0.0659,MARKET,SELL,24
2026-05-30 10:11:59.088684,50787.01,0.3905,LIMIT,BUY,27
2026-05-30 11:20:11.143951,47073.91,0.0565,LIMIT,SELL,7
2026-05-30 11:59:41.061796,47973.92,0.345,MARKET,SELL,26
2026-05-30 12:17:55.809873,44958.32,0.7261,MARKET,BUY,31
2026-05-30 12:49:57.342620,50826.22,2.0,LIMIT,BUY,50
2026-05-30 12:49:57.342620,50826.22,2.0,LIMIT,BUY,50
2026-05-30 12:50:04.342620,50338.17,2.0,LIMIT,SELL,50
2026-05-30 13:43:02.285623,44893.65,0.105,MARKET,BUY,46
2026-05-30 14:12:54.241063,50673.52,0.5389,MARKET,SELL,40
2026-05-30 14:40:05.947383,48610.34,0.3523,MARKET,BUY,39
2026-05-30 15:32:16.304767,47814.47,0.2237,LIMIT,BUY,10
2026-05-30 15:56:35.011402,48362.41,0.1689,MARKET,BUY,40
2026-05-30 16:46:27.138430,44885.44,0.4162,MARKET,BUY,8
2026-05-30 22:14:59.509267,48388.92,0.0873,LIMIT,SELL,26
2026-05-31 00:53:07.701969,49122.29,1.1628,LIMIT,BUY,30
2026-05-31 02:11:25.354923,46636.16,0.2583,LIMIT,BUY,35
2026-05-31 02:28:09.079838,48850.47,0.133,LIMIT,BUY,38
2026-05-31 02:51:28.840636,49827.63,0.6944,LIMIT,SELL,29
2026-05-31 03:01:59.799114,49341.77,0.5312,LIMIT,BUY,37
2026-05-31 03:48:39.947807,49226.15,0.2619,LIMIT,BUY,44
2026-05-31 04:37:51.049111,46931.32,0.3941,LIMIT,BUY,14
2026-05-31 05:15:31.432713,49314.09,0.4001,LIMIT,SELL,43
2026-05-31 05:17:48.863480,49440.35,0.1519,LIMIT,BUY,34
2026-05-31 05:17:48.863480,49440.35,0.1519,LIMIT,BUY,1
2026-05-31 05:17:57.863480,49284.38,0.1519,LIMIT,SELL,34
2026-05-31 05:29:25.684272,50040.03,0.487,LIMIT,BUY,34
2026-05-31 06:13:59.843897,47457.48,0.0944,LIMIT,SELL,37
2026-05-31 07:19:07.731040,39592.92,0.1415,MARKET,BUY,6
2026-05-31 07:49:41.134809,46919.42,0.3423,LIMIT,BUY,46
2026-05-31 08:06:45.979442,46395.62,0.2946,LIMIT,BUY,34
2026-05-31 08:27:07.982230,47362.16,0.249,LIMIT,SELL,31
2026-05-31 09:02:52.218357,49771.53,0.1244,LIMIT,BUY,27
2026-05-31 09:12:57.309043,51291.74,0.4488,LIMIT,BUY,34
2026-05-31 09:14:50.078814,46870.7,0.2872,LIMIT,SELL,32
2026-05-31 09:15:38.162056,47927.82,0.7301,LIMIT,SELL,21
2026-05-31 09:17:45.817379,50169.74,0.2369,LIMIT,BUY,45
2026-05-31 09:25:40.406972,47004.38,0.1183,LIMIT,BUY,28
2026-05-31 09:29:04.946559,46142.94,0.4938,MARKET,BUY,9
2026-05-31 09:45:55.200350,45526.37,0.8948,MARKET,BUY,17
2026-05-31 09:51:27.588768,49602.28,0.174,LIMIT,SELL,9
2026-05-31 09:54:31.017361,44790.2,0.107,LIMIT,BUY,23
2026-05-31 09:55:58.317523,48258.57,0.617,LIMIT,SELL,49
2026-05-31 09:58:20.406317,36132.23,0.0938,LIMIT,BUY,21
2026-05-31 10:09:19.626112,48457.31,0.3325,LIMIT,SELL,50
2026-05-31 10:19:24.233477,47941.11,0.079,MARKET,SELL,15
2026-05-31 10:25:02.149348,47120.77,0.2063,LIMIT,BUY,44
2026-05-31 10:30:34.522202,46432.63,0.2162,MARKET,SELL,36
2026-05-31 10:32:24.697187,48391.69,0.458,MARKET,BUY,49
2026-05-31 10:35:10.417818,48195.53,0.1912,MARKET,SELL,35
2026-05-31 10:35:20.042857,47728.71,0.2654,MARKET,BUY,20
2026-05-31 10:38:26.894286,47639.53,0.3553,LIMIT,SELL,43
2026-05-31 10:38:58.560861,46748.21,0.1971,LIMIT,BUY,16
2026-05-31 10:48:25.368574,46038.99,0.3447,LIMIT,BUY,24
2026-05-31 11:03:37.732283,51754.48,0.5206,LIMIT,BUY,38
2026-05-31 11:08:45.376277,49298.96,0.532,LIMIT,SELL,46
2026-05-31 11:12:40.180676,48837.79,0.1312,MARKET,BUY,19
2026-05-31 11:19:24.925345,46427.91,0.3216,MARKET,BUY,30
2026-05-31 11:20:29.607269,49380.87,0.0563,LIMIT,BUY,42
2026-05-31 11:25:45.627851,47519.72,0.6827,LIMIT,SELL,48
2026-05-31 11:26:44.897317,45024.87,1.0554,MARKET,SELL,12
2026-05-31 11:27:34.141715,47800.65,0.2432,MARKET,SELL,50
2026-05-31 11:29:23.135190,49070.67,0.2234,LIMIT,BUY,20
2026-05-31 11:32:05.935068,48104.66,0.1005,LIMIT,SELL,28
2026-05-31 11:39:49.983523,46610.84,2.0,LIMIT,SELL,23
2026-05-31 11:41:53.503852,50882.12,0.059,MARKET,BUY,43
2026-05-31 11:47:23.476081,46649.73,0.0536,MARKET,BUY,12
2026-05-31 11:50:50.033531,48485.61,0.3033,LIMIT,BUY,33
2026-05-31 11:53:08.041465,48911.75,0.0376,LIMIT,BUY,5
2026-05-31 12:10:32.700695,36515.63,0.1799,LIMIT,BUY,37
2026-05-31 12:19:59.547089,44033.91,0.712,LIMIT,BUY,30
2026-05-31 12:22:33.227669,47904.65,0.439,LIMIT,BUY,42
2026-05-31 12:22:40.379781,48569.65,0.3226,LIMIT,SELL,8
2026-05-31 12:32:22.969861,47757.46,0.0569,MARKET,SELL,8
2026-05-31 12:35:55.343074,45932.75,0.3724,LIMIT,BUY,19
2026-05-31 12:36:06.132420,44162.08,0.0731,LIMIT,SELL,17
2026-05-31 12:37:35.957810,46707.88,0.2476,LIMIT,BUY,4
2026-05-31 12:38:34.688748,48661.97,0.4431,LIMIT,BUY,3
2026-05-31 12:38:53.100612,47519.94,0.1689,LIMIT,SELL,22
2026-05-31 12:40:00.962613,45312.1,0.3538,LIMIT,SELL,25
2026-05-31 12:41:20.078951,46179.34,0.282,MARKET,SELL,1
2026-05-31 12:45:36.239658,46441.43,0.1055,LIMIT,SELL,47
2026-05-31 12:49:28.503864,47613.58,0.4495,LIMIT,BUY,23
2026-05-31 12:52:05.426666,48884.97,0.1536,LIMIT,BUY,39
2026-05-31 12:52:50.397385,45005.36,0.1321,LIMIT,BUY,4
2026-05-31 13:07:13.261576,43759.39,0.0631,LIMIT,BUY,8
2026-05-31 13:11:17.158799,48108.99,1.0427,MARKET,SELL,40
2026-05-31 13:12:54.851021,48452.35,0.1064,LIMIT,SELL,26
2026-05-31 13:15:23.961128,48239.35,0.1893,LIMIT,BUY,15
2026-05-31 13:31:02.646519,45797.0,0.169,LIMIT,SELL,14
2026-05-31 13:31:10.693179,43097.17,0.3674,LIMIT,SELL,20
2026-05-31 13:31:13.681325,48097.64,1.8976,MARKET,SELL,9
2026-05-31 13:32:31.066174,47633.96,0.2801,LIMIT,BUY,25
2026-05-31 13:35:19.717604,48629.57,0.1957,MARKET,SELL,1
2026-05-31 13:36:44.342159,49399.09,0.1624,LIMIT,BUY,50
2026-05-31 13:36:46.915062,46385.81,0.129,LIMIT,BUY,15
2026-05-31 13:38:20.771502,46056.22,0.295,MARKET,SELL,15
2026-05-31 13:42:39.350857,47852.77,0.1752,LIMIT,BUY,14
2026-05-31 13:44:03.392328,46399.1,0.0694,LIMIT,SELL,43
2026-05-31 13:46:20.889338,43850.8,0.3875,MARKET,SELL,50
2026-05-31 13:47:55.644730,44571.31,0.1488,LIMIT,SELL,1
2026-05-31 13:48:18.940751,45274.94,0.1272,MARKET,BUY,48
2026-05-31 13:49:02.514587,43785.17,0.1144,LIMIT,SELL,32
2026-05-31 13:54:33.638826,48948.46,0.2372,MARKET,BUY,48
2026-05-31 13:55:14.742278,48269.7,0.0959,LIMIT,SELL,23
2026-05-31 13:56:49.683002,43559.65,0.2854,MARKET,SELL,45
2026-05-31 14:02:39.419545,47282.93,0.0324,LIMIT,SELL,33
2026-05-31 14:07:55.420955,44260.8,0.0527,LIMIT,BUY,48
2026-05-31 14:11:15.670934,44883.16,0.6547,LIMIT,BUY,31
2026-05-31 14:12:50.333183,50054.11,0.3339,LIMIT,SELL,48
2026-05-31 14:14:38.156020,44913.23,0.2603,LIMIT,SELL,10
2026-05-31 14:19:39.106124,46312.8,0.2676,LIMIT,BUY,13
2026-05-31 14:30:56.338868,47780.66,0.5508,MARKET,BUY,13
2026-05-31 14:31:09.272048,49135.93,0.2858,LIMIT,SELL,1
2026-05-31 14:33:03.728122,44291.64,0.1563,LIMIT,SELL,24
2026-05-31 14:38:37.350715,48979.89,0.1718,LIMIT,SELL,33
2026-05-31 14:39:34.210955,48578.98,0.3355,LIMIT,SELL,42
2026-05-31 14:44:20.152532,47611.22,0.2613,LIMIT,BUY,1
2026-05-31 14:45:20.568627,47483.71,0.3532,LIMIT,SELL,20
2026-05-31 14:51:03.348892,49647.45,0.3491,MARKET,BUY,34
2026-05-31 14:52:31.992445,49937.2,0.0948,LIMIT,SELL,44
2026-05-31 14:56:13.270193,48530.33,0.4273,MARKET,BUY,42
2026-05-31 14:56:38.416991,46716.18,0.0668,MARKET,BUY,23
2026-05-31 14:58:55.623079,47149.02,0.2765,MARKET,BUY,11
2026-05-31 15:02:03.416930,42982.93,0.1415,LIMIT,BUY,36
2026-05-31 15:02:16.712839,47535.77,0.074,LIMIT,SELL,35
2026-05-31 15:02:17.267105,46681.91,0.177,LIMIT,BUY,45
2026-05-31 15:03:04.928319,47789.48,0.2174,LIMIT,BUY,21
2026-05-31 15:05:35.224816,50538.33,0.0951,LIMIT,SELL,41
2026-05-31 15:14:47.544134,45835.3,0.4463,LIMIT,SELL,30
2026-05-31 15:15:25.686632,50661.79,0.1395,LIMIT,BUY,37
2026-05-31 15:18:26.640657,49406.79,0.2623,MARKET,BUY,4
2026-05-31 15:19:52.855573,43757.32,0.1228,LIMIT,BUY,9
2026-05-31 15:23:03.659928,47887.77,0.2529,LIMIT,SELL,33
2026-05-31 15:23:09.597478,48179.55,0.12,LIMIT,SELL,19
2026-05-31 15:23:38.524659,45383.06,0.0805,LIMIT,SELL,36
2026-05-31 15:24:27.834848,48898.77,0.0897,MARKET,BUY,2
2026-05-31 15:28:53.551730,48414.03,1.3769,LIMIT,SELL,10
2026-05-31 15:29:31.238821,49741.72,0.1012,LIMIT,BUY,50
2026-05-31 15:31:28.217861,47840.45,0.4458,LIMIT,BUY,38
2026-05-31 15:31:46.899654,48930.62,0.5664,LIMIT,BUY,17
2026-05-31 15:34:30.390118,47377.76,0.2539,LIMIT,SELL,12
2026-05-31 15:38:07.115045,46801.84,0.1112,LIMIT,SELL,15
2026-05-31 15:46:10.728292,44464.41,0.2026,LIMIT,SELL,49
2026-05-31 15:51:42.152091,44606.66,0.4042,MARKET,BUY,44
2026-05-31 15:55:02.866052,62488.65,0.166,LIMIT,SELL,32
2026-05-31 15:58:50.125439,48612.16,0.144,MARKET,BUY,25
2026-05-31 16:01:40.242550,51343.31,0.5277,LIMIT,SELL,48
2026-05-31 16:03:12.554283,46743.82,0.0843,LIMIT,BUY,20
2026-05-31 16:07:58.416035,47986.34,0.2597,LIMIT,SELL,46
2026-05-31 16:17:13.014716,50245.8,0.0388,LIMIT,SELL,24
2026-05-31 16:24:25.889541,51407.07,0.2456,MARKET,SELL,12
2026-05-31 16:26:27.947265,48636.73,0.3223,LIMIT,BUY,12
2026-05-31 16:27:54.652672,44563.06,0.1156,LIMIT,SELL,41
2026-05-31 16:30:08.788743,48038.06,0.0743,MARKET,SELL,1
2026-05-31 16:31:11.435638,46172.34,0.3803,LIMIT,SELL,35
2026-05-31 16:37:55.005163,51120.68,0.8662,MARKET,BUY,1
2026-05-31 16:43:07.093341,48324.85,0.3386,LIMIT,BUY,8
2026-05-31 16:44:52.971316,46531.89,0.1995,LIMIT,SELL,24
2026-05-31 16:45:31.623731,46763.82,0.2894,MARKET,BUY,24
2026-05-31 16:47:42.489329,47353.44,0.2081,MARKET,SELL,12
2026-05-31 16:58:24.865613,47732.49,0.252,LIMIT,BUY,2
2026-05-31 16:58:45.654980,49969.48,0.3657,MARKET,BUY,40
2026-05-31 19:31:57.062642,47551.17,0.1595,LIMIT,BUY,31
2026-05-31 20:07:33.614817,47677.74,1.8885,LIMIT,SELL,46
2026-05-31 20:13:32.942891,47386.63,0.0733,LIMIT,BUY,45
2026-05-31 21:03:04.215962,44446.57,0.3422,LIMIT,SELL,4
2026-05-31 22:07:53.057794,46371.58,0.1045,MARKET,BUY,20
2026-05-31 22:57:28.464741,48254.62,0.117,LIMIT,SELL,40
2026-05-31 23:05:52.404381,47972.26,66.73,LIMIT,SELL,49
2026-05-31 23:25:04.044656,48118.84,0.0778,MARKET,BUY,3
2026-06-01 00:16:59.266216,46133.69,0.5787,LIMIT,SELL,41
2026-06-01 01:34:38.451167,46600.26,0.0698,MARKET,BUY,42
2026-06-01 01:47:53.386151,49321.8,0.2166,MARKET,SELL,49
2026-06-01 02:10:19.002681,47099.27,0.5036,LIMIT,SELL,49
2026-06-01 02:11:03.821048,50922.24,0.0855,LIMIT,BUY,46
2026-06-01 02:29:55.532340,47613.15,0.7857,MARKET,SELL,35
2026-06-01 03:24:22.546606,48244.98,0.3385,LIMIT,SELL,30
2026-06-01 05:43:19.333964,46568.29,0.6497,LIMIT,BUY,12
2026-06-01 07:00:48.692215,50769.06,0.6879,LIMIT,SELL,47
2026-06-01 07:48:54.320653,49618.11,0.4213,LIMIT,BUY,5
2026-06-01 08:29:17.954096,45367.25,0.4585,MARKET,BUY,9
2026-06-01 09:16:31.813662,48475.83,0.14,LIMIT,SELL,30
2026-06-01 09:19:34.273845,46848.84,0.0434,LIMIT,BUY,36
2026-06-01 09:19:40.282618,46663.53,0.294,MARKET,BUY,46
2026-06-01 09:21:51.747696,49501.84,0.1683,LIMIT,BUY,13
2026-06-01 09:22:02.787390,49515.45,0.3153,MARKET,SELL,22
2026-06-01 09:26:34.005609,49024.37,2.0,LIMIT,SELL,40
2026-06-01 09:30:22.750895,45531.3,0.5415,LIMIT,BUY,20
2026-06-01 09:35:29.135858,47605.36,0.1385,LIMIT,SELL,43
2026-06-01 09:37:01.630762,46472.0,0.1881,LIMIT,SELL,49
2026-06-01 09:39:51.948851,49571.65,2.0,LIMIT,BUY,33
2026-06-01 09:40:06.281513,49380.25,0.2874,MARKET,BUY,4
2026-06-01 09:40:09.471548,47135.27,0.1824,MARKET,BUY,21
2026-06-01 09:50:15.416794,49125.8,0.2205,LIMIT,BUY,8
2026-06-01 09:50:28.410396,48933.48,0.1134,LIMIT,SELL,15
2026-06-01 09:52:36.562625,46941.67,0.1722,LIMIT,BUY,33
2026-06-01 09:52:47.347172,46316.51,0.1363,LIMIT,SELL,3
2026-06-01 09:59:18.552216,47986.24,0.7165,LIMIT,BUY,46
2026-06-01 09:59:18.552216,47986.24,0.7165,LIMIT,BUY,45
2026-06-01 09:59:25.552216,48010.84,0.7165,LIMIT,SELL,45
2026-06-01 09:59:44.920125,44717.56,0.5972,LIMIT,SELL,16
2026-06-01 10:00:43.007351,47225.37,0.2089,LIMIT,SELL,40
2026-06-01 10:02:02.582451,47370.94,0.0648,LIMIT,BUY,47
2026-06-01 10:03:12.131745,47768.98,0.2588,LIMIT,SELL,13
2026-06-01 10:08:58.079416,46299.48,0.322,LIMIT,BUY,17
2026-06-01 10:18:07.700540,48776.91,0.1477,LIMIT,BUY,3
2026-06-01 10:25:00.484063,47401.16,0.2927,LIMIT,SELL,7
2026-06-01 10:27:27.066232,50639.57,0.1552,LIMIT,BUY,38
2026-06-01 10:27:48.926791,50646.72,0.3843,LIMIT,SELL,34
2026-06-01 10:43:54.745286,48402.29,0.3764,LIMIT,BUY,9
2026-06-01 10:50:35.386948,48696.22,0.1577,LIMIT,SELL,50
2026-06-01 10:50:55.912715,46950.86,0.2036,MARKET,BUY,25
2026-06-01 10:51:41.454476,47627.09,0.1964,LIMIT,BUY,16
2026-06-01 10:52:24.686547,48492.01,0.4093,LIMIT,SELL,1
2026-06-01 10:59:31.188919,46667.92,0.0944,LIMIT,SELL,5
2026-06-01 11:00:47.860532,46620.56,0.1656,LIMIT,SELL,50
2026-06-01 11:02:44.396721,49185.68,0.4088,LIMIT,BUY,7
2026-06-01 11:05:49.177433,44581.95,0.1709,LIMIT,SELL,18
2026-06-01 11:10:37.483485,43597.92,0.0708,LIMIT,SELL,44
2026-06-01 11:11:39.011297,36347.92,1.6887,LIMIT,BUY,44
2026-06-01 11:16:52.588921,48536.82,0.234,LIMIT,SELL,37
2026-06-01 11:32:11.596622,50456.21,0.443,MARKET,BUY,33
2026-06-01 11:35:53.540242,44264.73,0.3869,LIMIT,BUY,43
2026-06-01 11:36:11.617710,45015.38,0.2107,LIMIT,BUY,42
2026-06-01 11:38:22.477731,46984.35,0.4705,LIMIT,SELL,36
2026-06-01 11:44:15.495860,49328.22,0.0548,LIMIT,BUY,19
2026-06-01 11:44:44.718168,43488.76,0.9466,LIMIT,SELL,41
2026-06-01 11:45:08.347402,43329.79,0.381,LIMIT,BUY,10
2026-06-01 11:53:47.602914,48034.55,0.8561,LIMIT,SELL,22
2026-06-01 11:57:48.279496,37479.63,0.4909,LIMIT,BUY,25
2026-06-01 11:58:08.204386,48282.57,0.3689,LIMIT,BUY,11
2026-06-01 12:00:05.357979,48645.45,0.1069,LIMIT,BUY,13
2026-06-01 12:00:37.288411,47151.8,0.5269,MARKET,BUY,35
2026-06-01 12:02:20.169303,49590.97,0.4275,LIMIT,SELL,21
2026-06-01 12:04:34.837410,44916.45,0.3962,LIMIT,BUY,17
2026-06-01 12:06:06.358029,47975.01,0.1636,MARKET,SELL,47
2026-06-01 12:12:03.901754,47574.24,0.3899,LIMIT,BUY,11
2026-06-01 12:14:28.394182,46923.34,0.0705,LIMIT,BUY,13
2026-06-01 12:14:32.821914,51343.69,0.1485,LIMIT,SELL,27
2026-06-01 12:17:44.890788,48906.64,0.1681,LIMIT,BUY,18
2026-06-01 12:21:00.137036,47310.97,0.1988,LIMIT,SELL,15
2026-06-01 12:24:07.999412,46345.47,0.2905,LIMIT,SELL,33
2026-06-01 12:25:40.359758,48587.76,0.1078,LIMIT,BUY,1
2026-06-01 12:39:06.327706,48057.9,0.3725,LIMIT,BUY,22
2026-06-01 12:40:13.097018,47170.94,0.3016,LIMIT,BUY,24
2026-06-01 12:40:16.343026,48573.71,0.1464,MARKET,BUY,13
2026-06-01 12:45:46.633464,48109.87,0.3446,LIMIT,BUY,40
2026-06-01 12:54:05.319996,43699.76,0.4799,LIMIT,SELL,33
2026-06-01 13:01:25.706362,50554.0,0.3385,LIMIT,BUY,45
2026-06-01 13:03:52.818983,38287.8,0.0562,LIMIT,BUY,46
2026-06-01 13:05:16.123662,47568.43,0.0509,LIMIT,SELL,35
2026-06-01 13:08:19.224695,48962.59,0.3511,LIMIT,BUY,32
2026-06-01 13:09:35.206910,51078.72,0.0776,LIMIT,SELL,6
2026-06-01 13:13:58.478870,47185.07,0.7053,LIMIT,SELL,33
2026-06-01 13:14:13.454589,48348.48,0.3369,LIMIT,BUY,18
2026-06-01 13:15:33.099802,47865.43,0.0738,LIMIT,BUY,45
2026-06-01 13:18:11.099094,48253.26,0.4245,MARKET,BUY,45
2026-06-01 13:21:45.699587,50491.9,0.4012,LIMIT,SELL,11
2026-06-01 13:24:32.888212,46772.5,0.3177,LIMIT,BUY,33
2026-06-01 13:30:24.578752,46697.61,0.1583,LIMIT,BUY,48
2026-06-01 13:30:41.692363,46884.81,0.1846,LIMIT,SELL,20
2026-06-01 13:33:03.725525,48795.64,0.1893,LIMIT,SELL,20
2026-06-01 13:37:00.789902,48800.69,0.1214,LIMIT,SELL,46
2026-06-01 13:40:28.385095,44570.45,0.6476,MARKET,SELL,36
2026-06-01 13:40:43.436384,47021.95,0.4375,LIMIT,SELL,44
2026-06-01 13:43:23.185661,49030.37,0.1017,LIMIT,SELL,50
2026-06-01 13:43:37.906606,47047.2,0.2946,MARKET,SELL,47
2026-06-01 13:50:18.933889,49162.28,0.181,LIMIT,BUY,45
2026-06-01 13:51:02.449841,36575.23,0.0756,MARKET,BUY,34
2026-06-01 13:51:15.619701,47764.06,0.0751,MARKET,BUY,26
2026-06-01 13:51:59.815040,48418.37,0.1045,MARKET,SELL,34
2026-06-01 14:02:27.128848,47043.05,0.1381,LIMIT,SELL,46
2026-06-01 14:11:44.592783,46861.91,1.6317,LIMIT,BUY,20
2026-06-01 14:15:53.432632,46156.29,0.1071,LIMIT,BUY,4
2026-06-01 14:23:33.200806,48192.98,0.1915,LIMIT,BUY,6
2026-06-01 14:27:12.798801,46496.75,0.2972,LIMIT,SELL,32
2026-06-01 14:29:27.429279,46280.35,0.2457,LIMIT,BUY,22
2026-06-01 14:31:11.440457,50250.74,0.9458,MARKET,SELL,17
2026-06-01 14:32:06.870077,48244.96,0.3372,LIMIT,BUY,10
2026-06-01 14:33:30.112387,49797.6,0.2518,MARKET,SELL,21
2026-06-01 14:38:17.729871,47609.21,0.0801,LIMIT,SELL,24
2026-06-01 14:41:20.004879,49861.17,0.3264,MARKET,BUY,36
2026-06-01 14:42:08.229384,47408.74,0.4657,LIMIT,SELL,47
2026-06-01 14:53:46.973446,48366.61,0.1601,MARKET,BUY,2
2026-06-01 14:54:43.141933,36406.75,0.1004,LIMIT,BUY,11
2026-06-01 14:56:21.669652,48637.2,0.8668,LIMIT,BUY,21
2026-06-01 15:08:50.415184,46702.66,0.0718,LIMIT,SELL,8
2026-06-01 15:09:08.031565,46337.82,0.0668,MARKET,SELL,5
2026-06-01 15:12:37.109430,47490.55,0.2451,LIMIT,SELL,12
2026-06-01 15:15:47.246293,50003.46,0.7299,MARKET,BUY,1
2026-06-01 15:21:02.371423,46807.01,0.2805,LIMIT,BUY,14
2026-06-01 15:22:19.689117,35775.75,0.5209,LIMIT,BUY,11
2026-06-01 15:25:42.252916,45672.03,0.2908,LIMIT,BUY,8
2026-06-01 15:30:08.563697,47958.31,1.8587,LIMIT,SELL,20
2026-06-01 15:40:30.786063,48619.96,0.2492,LIMIT,BUY,4
2026-06-01 15:46:29.015802,50222.51,0.2039,LIMIT,BUY,5
2026-06-01 15:46:40.397398,50813.82,0.3883,LIMIT,BUY,14
2026-06-01 15:50:50.943272,50490.63,1.0193,MARKET,SELL,8
2026-06-01 15:50:56.004757,50619.65,0.1481,LIMIT,SELL,36
2026-06-01 15:52:30.378916,47863.97,0.588,MARKET,BUY,20
2026-06-01 15:53:45.472707,50370.07,0.1182,LIMIT,SELL,47
2026-06-01 15:56:36.657415,46372.14,0.0548,MARKET,SELL,43
2026-06-01 16:10:05.147920,48811.73,0.0868,MARKET,SELL,49
2026-06-01 16:17:19.552614,33743.21,0.4291,LIMIT,BUY,46
2026-06-01 16:23:59.014473,47197.98,0.3397,LIMIT,BUY,19
2026-06-01 16:25:55.339013,50518.14,0.4619,LIMIT,SELL,43
2026-06-01 16:29:18.036152,48895.97,0.1527,LIMIT,SELL,9
2026-06-01 16:31:51.032900,46652.76,0.0678,LIMIT,SELL,24
2026-06-01 16:36:19.738478,50206.83,0.259,LIMIT,BUY,20
2026-06-01 16:40:00.015504,48125.49,0.1224,LIMIT,SELL,5
2026-06-01 16:41:02.769650,47809.15,0.4191,LIMIT,BUY,36
2026-06-01 16:43:20.108969,47281.62,0.0474,LIMIT,SELL,33
2026-06-01 16:43:21.956717,45003.18,0.173,LIMIT,BUY,3
2026-06-01 16:49:52.920391,43735.67,0.0767,LIMIT,BUY,9
2026-06-01 16:58:48.516871,47815.13,0.1964,LIMIT,SELL,35
2026-06-01 17:29:28.416174,48176.86,0.2567,MARKET,BUY,1
2026-06-01 17:34:54.032340,46918.51,0.1406,LIMIT,SELL,6
2026-06-01 17:48:14.562769,49090.54,0.0335,MARKET,SELL,48
2026-06-01 18:18:23.591346,48375.61,0.2728,LIMIT,BUY,14
2026-06-01 18:18:23.591346,48375.61,0.2728,LIMIT,SELL,44
2026-06-01 18:18:23.591346,48375.61,0.2728,LIMIT,BUY,23
2026-06-01 18:18:30.591346,48098.29,92.96,LIMIT,SELL,23
2026-06-01 18:18:31.591346,48036.54,0.2728,LIMIT,SELL,14
2026-06-01 18:56:25.150619,51116.24,0.528,LIMIT,BUY,45
2026-06-01 19:02:31.195788,46393.45,0.4727,LIMIT,SELL,4
2026-06-01 19:55:13.900545,45715.84,0.1408,MARKET,BUY,5
2026-06-01 20:32:12.840235,48556.35,0.0375,LIMIT,SELL,36
2026-06-01 20:47:29.969976,48842.85,0.0848,MARKET,SELL,37
2026-06-01 21:08:33.693173,43233.61,0.4939,MARKET,BUY,30
2026-06-01 21:33:04.635468,48265.55,0.0979,LIMIT,BUY,42
2026-06-01 21:34:35.105971,47988.48,0.0408,MARKET,BUY,22
2026-06-01 21:34:35.105971,47988.48,0.0408,LIMIT,BUY,41
2026-06-01 21:34:36.105971,48369.88,0.0408,LIMIT,SELL,41
2026-06-01 21:49:28.578250,48023.51,0.3622,LIMIT,BUY,50
2026-06-01 23:10:09.498044,47765.17,0.3438,MARKET,BUY,7
2026-06-01 23:20:43.482635,46482.2,0.1104,MARKET,BUY,4
2026-06-02 00:20:13.773226,50233.89,98.13,LIMIT,BUY,15
2026-06-02 01:35:26.940146,43078.72,0.2668,LIMIT,SELL,4
2026-06-02 01:56:11.889249,48624.61,0.1415,LIMIT,SELL,3
2026-06-02 02:06:41.659393,49189.86,0.1926,LIMIT,SELL,15
2026-06-02 02:37:14.248709,48274.28,0.1077,LIMIT,SELL,10
2026-06-02 02:45:14.339528,47589.81,0.0657,LIMIT,BUY,26
2026-06-02 02:56:23.124616,48028.59,0.3849,MARKET,SELL,19
2026-06-02 03:15:57.584801,47040.11,0.2066,LIMIT,SELL,35
2026-06-02 03:29:37.501194,42746.3,0.3879,LIMIT,SELL,49
2026-06-02 03:45:01.211649,48560.22,0.3263,LIMIT,SELL,35
2026-06-02 04:36:31.586034,47685.83,0.7836,MARKET,BUY,24
2026-06-02 05:11:29.885950,50258.2,0.2371,MARKET,SELL,43
2026-06-02 05:15:00.974199,47685.73,0.0995,LIMIT,SELL,43
2026-06-02 05:18:21.469778,47257.85,0.2889,MARKET,BUY,18
2026-06-02 05:18:42.945460,50465.26,0.1413,LIMIT,BUY,42
2026-06-02 06:18:27.601197,48165.03,0.3273,MARKET,SELL,30
2026-06-02 07:55:55.126584,49665.22,0.4653,LIMIT,SELL,8
2026-06-02 09:02:18.968131,45808.16,0.072,LIMIT,SELL,49
2026-06-02 09:03:17.681532,49920.87,0.1055,MARKET,BUY,48
2026-06-02 09:05:18.285506,46642.28,0.3654,LIMIT,SELL,30
2026-06-02 09:07:02.509780,47236.12,0.4107,MARKET,BUY,34
2026-06-02 09:07:28.502696,51061.89,0.3903,MARKET,SELL,27
2026-06-02 09:09:47.383887,49591.25,0.2951,MARKET,SELL,35
2026-06-02 09:14:33.393431,48267.18,0.7522,LIMIT,BUY,29
2026-06-02 09:21:46.054053,47886.89,0.4984,LIMIT,SELL,1
2026-06-02 09:27:31.467474,46878.15,0.1875,LIMIT,BUY,38
2026-06-02 09:34:43.810065,48510.14,0.2141,LIMIT,BUY,34
2026-06-02 09:38:48.768719,47469.28,0.2461,LIMIT,BUY,35
2026-06-02 09:42:32.758898,48469.71,0.0771,LIMIT,SELL,6
2026-06-02 09:51:28.579155,47942.62,0.0592,MARKET,BUY,39
2026-06-02 09:52:56.141873,46632.79,0.8628,LIMIT,BUY,19
2026-06-02 09:54:27.258802,47696.67,0.796,LIMIT,BUY,11
2026-06-02 09:59:53.508311,46281.7,0.2039,LIMIT,SELL,26
2026-06-02 10:00:08.110146,48469.47,0.0624,LIMIT,SELL,50
2026-06-02 10:00:38.270643,46802.8,0.2662,LIMIT,BUY,49
2026-06-02 10:03:11.950710,48311.89,0.4044,MARKET,SELL,23
2026-06-02 10:05:47.789496,57618.89,0.1129,LIMIT,SELL,31
2026-06-02 10:07:03.547817,48513.83,0.4059,LIMIT,SELL,4
2026-06-02 10:16:02.585900,50731.61,0.1544,LIMIT,BUY,5
2026-06-02 10:25:36.126509,47581.65,0.1976,MARKET,BUY,22
2026-06-02 10:26:10.702548,47582.76,0.7922,LIMIT,SELL,41
2026-06-02 10:26:48.502823,49411.49,0.5337,LIMIT,BUY,18
2026-06-02 10:33:57.174046,49060.52,0.0727,LIMIT,BUY,10
2026-06-02 10:34:37.238922,48855.33,0.1064,LIMIT,SELL,23
2026-06-02 10:36:23.124429,50243.24,0.6363,LIMIT,BUY,49
2026-06-02 10:37:38.238160,47248.4,0.5594,MARKET,BUY,39
2026-06-02 10:42:15.108886,50327.92,0.3525,LIMIT,BUY,21
2026-06-02 10:44:12.598709,49389.37,0.1856,MARKET,SELL,49
2026-06-02 10:45:06.051173,47543.21,0.6783,LIMIT,BUY,22
2026-06-02 10:50:33.359417,46469.37,0.1963,MARKET,SELL,34
2026-06-02 10:53:02.834769,45840.35,0.0498,LIMIT,SELL,39
2026-06-02 10:56:21.257093,50657.32,0.3278,LIMIT,BUY,47
2026-06-02 10:57:39.395982,47546.87,0.3515,MARKET,SELL,6
2026-06-02 10:59:20.639348,47390.53,0.2568,MARKET,BUY,29
2026-06-02 11:08:54.644910,48857.0,0.0267,LIMIT,SELL,48
2026-06-02 11:12:44.396013,51284.25,0.1611,MARKET,BUY,25
2026-06-02 11:12:58.585278,48390.34,0.2104,LIMIT,BUY,15
2026-06-02 11:14:23.568496,48181.33,0.1538,LIMIT,BUY,44
2026-06-02 11:18:15.595037,48435.94,0.6975,LIMIT,SELL,41
2026-06-02 11:21:46.653910,49557.99,0.1812,MARKET,BUY,39
2026-06-02 11:22:02.731354,46737.64,0.3311,LIMIT,SELL,32
2026-06-02 11:23:19.006462,48110.25,0.2077,LIMIT,BUY,32
2026-06-02 11:24:19.186402,50290.07,0.4279,MARKET,BUY,8
2026-06-02 11:39:04.312707,47030.04,0.1112,LIMIT,SELL,15
2026-06-02 11:39:04.312707,47030.04,0.1112,LIMIT,BUY,30
2026-06-02 11:39:14.312707,46636.68,0.1112,LIMIT,SELL,30
2026-06-02 11:42:59.878060,50117.82,0.648,LIMIT,BUY,34
2026-06-02 11:43:19.067157,48263.31,0.0722,LIMIT,BUY,33
2026-06-02 11:46:10.599750,46689.41,0.1115,MARKET,SELL,41
2026-06-02 11:51:48.854603,46818.07,68.32,LIMIT,BUY,44
2026-06-02 11:53:54.613114,47868.48,0.1898,MARKET,SELL,41
2026-06-02 11:56:20.291934,50499.95,0.1282,LIMIT,SELL,40
2026-06-02 11:57:35.888289,46558.27,0.1217,LIMIT,BUY,34
2026-06-02 12:02:44.512918,49182.84,0.9026,LIMIT,SELL,25
2026-06-02 12:06:09.399961,46736.92,0.2911,MARKET,SELL,20
2026-06-02 12:09:06.605276,49267.31,0.0651,MARKET,BUY,16
2026-06-02 12:10:03.668780,49890.66,0.5994,MARKET,BUY,47
2026-06-02 12:19:25.440597,49620.4,0.4539,LIMIT,BUY,44
2026-06-02 12:19:28.120683,46245.48,0.2956,LIMIT,SELL,33
2026-06-02 12:19:44.407837,49275.11,0.0694,LIMIT,BUY,4
2026-06-02 12:20:11.391277,48043.33,0.2395,LIMIT,SELL,37
2026-06-02 12:24:53.454226,47890.04,0.2649,MARKET,SELL,17
2026-06-02 12:27:24.202697,44851.75,0.352,LIMIT,BUY,33
2026-06-02 12:29:57.067335,49252.32,0.2319,LIMIT,SELL,7
2026-06-02 12:37:54.701245,49858.79,0.167,LIMIT,BUY,30
2026-06-02 12:42:33.937309,46449.99,0.1247,LIMIT,SELL,1
2026-06-02 12:45:28.153682,43811.42,0.0652,MARKET,SELL,33
2026-06-02 12:46:20.452151,46515.8,0.9137,LIMIT,SELL,5
2026-06-02 12:57:13.064201,57088.48,0.636,MARKET,SELL,9
2026-06-02 12:58:28.744214,48593.64,0.4802,LIMIT,BUY,10
2026-06-02 13:00:49.547376,43902.17,0.6323,LIMIT,BUY,48
2026-06-02 13:04:52.383878,59845.33,0.0887,LIMIT,SELL,24
2026-06-02 13:05:49.256825,46478.95,0.2313,LIMIT,SELL,16
2026-06-02 13:05:49.524639,47679.95,0.2421,LIMIT,SELL,22
2026-06-02 13:07:59.976288,49242.93,0.3988,LIMIT,SELL,29
2026-06-02 13:16:12.871429,48224.37,1.0905,LIMIT,BUY,20
2026-06-02 13:20:33.049392,47465.42,0.3054,LIMIT,BUY,46
2026-06-02 13:28:26.613333,48775.59,0.224,MARKET,SELL,17
2026-06-02 13:34:23.666681,46624.39,0.3216,MARKET,BUY,49
2026-06-02 13:38:34.795288,48593.48,0.2376,MARKET,BUY,24
2026-06-02 13:43:03.641184,46387.27,0.9064,MARKET,SELL,43
2026-06-02 13:44:16.687836,47079.76,0.0321,LIMIT,BUY,11
2026-06-02 13:46:59.197918,49797.63,0.2501,MARKET,SELL,1
2026-06-02 13:51:24.690950,47139.63,0.3219,LIMIT,SELL,39
2026-06-02 13:58:12.434526,47456.15,0.217,MARKET,BUY,6
2026-06-02 14:00:09.788345,51407.09,0.0968,LIMIT,SELL,28
2026-06-02 14:00:50.404244,45904.64,0.3018,LIMIT,BUY,21
2026-06-02 14:00:52.703301,46732.53,0.198,LIMIT,BUY,7
2026-06-02 14:05:58.838696,48714.15,0.0663,LIMIT,SELL,37
2026-06-02 14:08:05.096697,47288.38,0.3515,MARKET,BUY,24
2026-06-02 14:10:46.376230,46227.17,0.0376,MARKET,BUY,15
2026-06-02 14:11:42.331116,44964.83,0.1683,LIMIT,SELL,34
2026-06-02 14:22:19.145735,46868.35,0.8351,LIMIT,BUY,20
2026-06-02 14:29:54.410866,47190.36,0.3228,LIMIT,BUY,16
2026-06-02 14:33:26.663568,46590.18,0.2801,LIMIT,SELL,18
2026-06-02 14:37:08.781888,48767.88,0.672,LIMIT,SELL,42
2026-06-02 15:03:50.001471,45119.37,0.3942,LIMIT,SELL,24
2026-06-02 15:05:55.319072,44590.42,0.0615,LIMIT,SELL,1
2026-06-02 15:10:05.579142,43896.59,0.0638,MARKET,BUY,9
2026-06-02 15:10:38.113128,46892.2,0.0624,LIMIT,SELL,24
2026-06-02 15:11:23.195764,44706.43,0.3842,LIMIT,SELL,14
2026-06-02 15:19:09.416153,47952.83,0.0862,LIMIT,SELL,26
2026-06-02 15:21:18.309611,48792.57,0.2952,LIMIT,BUY,8
2026-06-02 15:22:53.149651,44981.43,0.261,LIMIT,SELL,30
2026-06-02 15:23:10.526897,46818.25,0.0974,LIMIT,BUY,44
2026-06-02 15:23:42.289880,49682.67,0.2213,LIMIT,SELL,3
2026-06-02 15:25:45.899870,47602.26,0.3004,MARKET,SELL,9
2026-06-02 15:26:26.203177,46443.1,0.3805,LIMIT,BUY,29
2026-06-02 15:27:41.899819,50339.41,0.2045,LIMIT,BUY,49
2026-06-02 15:39:31.965203,49292.65,0.2972,MARKET,BUY,28
2026-06-02 15:40:59.321669,48425.03,0.2338,MARKET,BUY,41
2026-06-02 15:41:40.469141,49760.22,0.4355,LIMIT,BUY,18
2026-06-02 15:42:19.141865,49831.88,0.2778,MARKET,SELL,29
2026-06-02 15:52:05.669239,32421.75,0.5325,LIMIT,BUY,44
2026-06-02 16:00:18.660128,47037.17,0.4549,LIMIT,BUY,42
2026-06-02 16:00:20.791255,46734.05,0.2354,LIMIT,BUY,45
2026-06-02 16:03:11.226395,48987.94,0.1419,LIMIT,BUY,17
2026-06-02 16:03:32.593696,48496.83,0.5033,MARKET,SELL,15
2026-06-02 16:09:17.936948,49197.13,0.3057,LIMIT,BUY,14
2026-06-02 16:10:41.467354,46841.52,0.2575,MARKET,BUY,44
2026-06-02 16:19:45.748655,47079.73,1.6222,LIMIT,SELL,21
2026-06-02 16:19:57.698230,51382.39,0.2795,LIMIT,BUY,4
2026-06-02 16:20:06.558234,45921.02,0.1896,MARKET,SELL,31
2026-06-02 16:22:11.746242,46981.27,0.0321,LIMIT,SELL,46
2026-06-02 16:24:09.057042,50479.5,0.2862,LIMIT,BUY,46
2026-06-02 16:27:21.451295,46206.5,0.0684,LIMIT,BUY,42
2026-06-02 16:28:34.564517,49496.47,0.3595,MARKET,SELL,25
2026-06-02 16:29:16.356323,45088.93,0.1355,LIMIT,SELL,18
2026-06-02 16:30:54.096525,50004.45,0.2193,LIMIT,SELL,25
2026-06-02 16:31:13.974974,49390.01,0.1907,MARKET,BUY,31
2026-06-02 16:34:43.414232,47125.38,0.6115,LIMIT,BUY,39
2026-06-02 16:37:45.707791,47996.19,0.2073,LIMIT,SELL,33
2026-06-02 16:39:47.583389,44140.45,0.4982,LIMIT,SELL,34
2026-06-02 16:40:22.636854,48403.03,0.1951,MARKET,BUY,29
2026-06-02 16:44:11.081657,47758.81,0.4205,LIMIT,SELL,15
2026-06-02 16:49:19.413694,49874.98,0.2982,LIMIT,SELL,12
2026-06-02 16:49:24.104109,45767.87,0.2674,LIMIT,SELL,18
2026-06-02 16:52:10.961586,46820.14,1.6069,LIMIT,BUY,26
2026-06-02 16:54:15.730255,47898.51,0.2034,LIMIT,BUY,40
2026-06-02 16:54:43.004701,49452.17,0.3227,LIMIT,BUY,22
2026-06-02 16:57:39.224795,46949.93,0.104,LIMIT,BUY,2
2026-06-02 16:58:45.711355,47954.05,0.2562,MARKET,SELL,39
2026-06-02 16:59:43.619859,47134.42,0.1818,LIMIT,SELL,26
2026-06-02 18:40:30.497323,49768.29,0.1075,LIMIT,BUY,11
2026-06-02 19:41:23.393686,48679.98,0.3167,LIMIT,SELL,7
2026-06-02 20:22:51.123564,49000.79,0.1142,LIMIT,SELL,21
2026-06-02 20:35:29.623108,45271.2,0.2938,MARKET,BUY,11
2026-06-02 22:45:42.741415,43782.08,0.0851,MARKET,SELL,7
2026-06-02 23:06:02.685541,46777.98,0.4666,MARKET,BUY,45
2026-06-03 00:27:17.779370,45999.88,0.0846,LIMIT,SELL,9
2026-06-03 01:13:02.342189,49016.26,0.5065,LIMIT,BUY,33
2026-06-03 01:53:29.464440,47252.26,0.2389,MARKET,SELL,47
2026-06-03 04:18:10.416393,46886.96,0.1978,MARKET,BUY,11
2026-06-03 04:26:46.392584,48284.16,0.1493,LIMIT,SELL,33
2026-06-03 05:21:17.954757,46140.51,0.2878,LIMIT,SELL,45
2026-06-03 06:59:56.669412,46669.76,0.2049,MARKET,BUY,33
2026-06-03 07:23:03.394989,50557.35,0.3423,MARKET,BUY,37
2026-06-03 07:25:43.279397,48142.28,0.2097,LIMIT,SELL,38
2026-06-03 08:26:52.186140,47538.47,0.0453,LIMIT,SELL,1
2026-06-03 09:00:34.533791,47386.65,0.4867,LIMIT,BUY,35
2026-06-03 09:01:52.252386,46948.93,0.3133,LIMIT,SELL,25
2026-06-03 09:09:20.766949,48379.71,0.0684,LIMIT,BUY,50
2026-06-03 09:15:02.568539,46473.05,0.2213,LIMIT,BUY,26
2026-06-03 09:42:43.808709,47808.7,0.4919,LIMIT,BUY,42
2026-06-03 10:08:45.531080,47887.25,0.1741,LIMIT,BUY,44
2026-06-03 10:12:31.694323,48051.03,0.2214,LIMIT,BUY,36
2026-06-03 10:17:21.171135,49613.95,0.0407,MARKET,BUY,50
2026-06-03 10:18:40.627022,49063.52,0.1195,MARKET,SELL,40
2026-06-03 10:22:41.736521,47314.57,0.5368,LIMIT,SELL,15
2026-06-03 10:23:13.183648,45025.14,0.0752,LIMIT,SELL,12
2026-06-03 10:36:03.790421,48901.42,0.1908,MARKET,BUY,9
2026-06-03 10:51:39.065741,47834.49,0.1485,LIMIT,BUY,43
2026-06-03 10:58:36.304252,49728.04,0.166,LIMIT,BUY,27
2026-06-03 11:01:13.916555,48204.4,0.2217,LIMIT,SELL,6
2026-06-03 11:10:02.164039,49284.64,0.2384,LIMIT,BUY,18
2026-06-03 11:13:14.676470,45843.5,0.3727,MARKET,BUY,48
2026-06-03 11:15:33.638813,48204.0,0.2934,MARKET,BUY,38
2026-06-03 11:19:24.181694,47347.35,0.3156,MARKET,SELL,40
2026-06-03 11:27:25.113071,46922.78,0.2475,LIMIT,BUY,21
2026-06-03 11:27:34.200827,49426.66,0.7104,LIMIT,SELL,28
2026-06-03 11:29:33.776177,48834.77,0.0394,LIMIT,SELL,24
2026-06-03 11:29:51.463070,46978.51,0.6168,LIMIT,BUY,40
2026-06-03 11:35:44.005617,48008.21,0.1262,LIMIT,SELL,35
2026-06-03 11:39:37.508092,49389.64,0.1367,MARKET,SELL,9
2026-06-03 11:41:06.090348,48641.9,0.5389,MARKET,BUY,46
2026-06-03 11:41:21.977767,48144.03,0.2474,LIMIT,SELL,14
2026-06-03 12:01:36.948157,49261.89,0.0582,LIMIT,BUY,6
2026-06-03 12:07:27.737178,47064.84,0.1665,LIMIT,SELL,32
2026-06-03 12:10:58.238638,47530.63,0.2696,MARKET,SELL,48
2026-06-03 12:13:33.315943,47562.99,0.1417,MARKET,SELL,41
2026-06-03 12:16:40.215488,45856.71,0.2639,LIMIT,SELL,33
2026-06-03 12:19:17.909732,47473.95,0.1135,LIMIT,BUY,30
2026-06-03 12:31:41.585967,45608.63,0.1374,LIMIT,BUY,49
2026-06-03 12:36:05.830725,49180.23,0.1369,LIMIT,BUY,50
2026-06-03 12:38:50.315814,48268.21,1.8448,LIMIT,SELL,3
2026-06-03 12:40:46.983747,46489.06,0.1913,LIMIT,SELL,15
2026-06-03 12:44:09.358290,45154.04,0.1217,LIMIT,BUY,29
2026-06-03 12:46:36.076294,48690.0,0.2557,LIMIT,SELL,33
2026-06-03 12:47:31.359451,48966.54,0.3639,MARKET,SELL,19
2026-06-03 12:47:47.904850,46503.37,0.2069,LIMIT,BUY,41
2026-06-03 13:06:36.297104,50474.63,77.04,LIMIT,BUY,6
2026-06-03 13:11:19.838704,47130.43,0.1354,LIMIT,SELL,44
2026-06-03 13:13:38.567902,48468.06,0.1444,MARKET,SELL,50
2026-06-03 13:17:25.353213,48460.44,0.6031,LIMIT,SELL,15
2026-06-03 13:39:47.730588,48424.48,0.3939,LIMIT,SELL,22
2026-06-03 13:42:05.245139,47072.77,0.4346,LIMIT,SELL,38
2026-06-03 13:45:57.267136,44128.98,0.3251,MARKET,SELL,45
2026-06-03 13:51:16.081881,45115.15,0.4785,MARKET,BUY,19
2026-06-03 13:56:05.987525,48164.54,0.3588,MARKET,SELL,31
2026-06-03 13:56:06.378586,44173.51,0.791,LIMIT,SELL,1
2026-06-03 13:56:48.489066,45931.18,0.5189,LIMIT,SELL,31
2026-06-03 13:57:57.709988,44117.3,0.1327,LIMIT,BUY,40
2026-06-03 14:05:34.488134,46702.57,0.1063,LIMIT,SELL,32
2026-06-03 14:19:17.001063,49104.39,0.346,MARKET,BUY,30
2026-06-03 14:19:32.355238,48887.28,0.1762,LIMIT,BUY,50
2026-06-03 14:27:52.147849,49333.13,0.2416,LIMIT,BUY,31
2026-06-03 14:30:02.000624,46666.31,0.2086,LIMIT,SELL,34
2026-06-03 14:32:27.113820,45297.28,0.4607,LIMIT,SELL,36
2026-06-03 14:33:38.024987,48989.99,0.1789,LIMIT,SELL,4
2026-06-03 14:49:26.395580,48069.7,0.2915,LIMIT,SELL,28
2026-06-03 14:52:33.531267,51109.86,0.8077,LIMIT,SELL,13
2026-06-03 14:52:37.420914,48113.33,0.0394,MARKET,SELL,8
2026-06-03 14:54:23.180433,47736.22,0.1596,MARKET,SELL,41
2026-06-03 14:55:43.721774,48639.9,0.2914,LIMIT,SELL,49
2026-06-03 15:00:55.916418,48545.36,0.1463,LIMIT,SELL,18
2026-06-03 15:02:02.033554,50441.17,0.1811,MARKET,BUY,2
2026-06-03 15:06:06.319057,47975.74,0.1547,LIMIT,SELL,13
2026-06-03 15:08:33.104766,47463.38,0.7127,LIMIT,BUY,21
2026-06-03 15:12:35.440483,46102.24,0.1475,LIMIT,BUY,3
2026-06-03 15:21:18.537478,48215.53,0.0795,LIMIT,SELL,5
2026-06-03 15:24:29.841989,43532.31,0.807,LIMIT,BUY,12
2026-06-03 15:25:21.291801,46840.98,0.9718,LIMIT,SELL,11
2026-06-03 15:27:46.381053,48294.73,0.0611,MARKET,SELL,13
2026-06-03 15:30:06.864275,46475.89,0.1706,MARKET,SELL,28
2026-06-03 15:30:15.642842,45298.1,0.1312,LIMIT,BUY,45
2026-06-03 15:35:37.501503,48772.14,0.0318,LIMIT,BUY,15
2026-06-03 15:43:12.539417,48645.04,0.3086,MARKET,BUY,10
2026-06-03 15:48:56.258651,49591.74,0.1103,LIMIT,SELL,50
2026-06-03 15:54:19.310760,50057.74,0.1496,LIMIT,BUY,18
2026-06-03 15:54:36.853325,47635.73,0.189,LIMIT,SELL,21
2026-06-03 15:59:06.396446,37143.72,0.2016,LIMIT,BUY,50
2026-06-03 16:04:25.855577,46387.04,0.1258,LIMIT,SELL,31
2026-06-03 16:09:53.124361,49251.84,0.0435,LIMIT,SELL,45
2026-06-03 16:11:29.988293,47764.1,0.0659,LIMIT,SELL,28
2026-06-03 16:17:06.825569,49281.0,0.3675,MARKET,SELL,25
2026-06-03 16:19:06.036267,48070.57,0.1585,LIMIT,SELL,1
2026-06-03 16:19:32.658743,44641.41,0.069,MARKET,BUY,44
2026-06-03 16:23:56.678072,45482.83,0.1016,LIMIT,SELL,37
2026-06-03 16:33:43.733677,43429.8,0.2242,MARKET,SELL,26
2026-06-03 16:37:19.610384,45873.27,83.94,LIMIT,BUY,12
2026-06-03 16:37:34.601090,47220.42,0.136,LIMIT,BUY,28
2026-06-03 16:39:30.478357,44673.79,0.339,MARKET,SELL,19
2026-06-03 16:39:41.196123,49411.91,0.2383,MARKET,SELL,40
2026-06-03 16:39:47.966752,46087.65,0.1257,LIMIT,SELL,50
2026-06-03 16:42:53.803594,48596.93,0.2796,LIMIT,BUY,19
2026-06-03 16:54:30.241178,46127.81,0.405,LIMIT,SELL,19
2026-06-03 16:56:33.730774,49340.22,0.1639,MARKET,SELL,30
2026-06-03 17:06:02.787646,48140.4,0.1646,LIMIT,BUY,7
2026-06-03 17:46:34.653565,45106.65,0.469,MARKET,SELL,28
2026-06-03 18:03:02.959075,43426.65,0.0994,LIMIT,BUY,42
2026-06-03 18:23:05.132980,47847.52,1.3778,MARKET,SELL,12
2026-06-03 18:26:42.680922,48559.81,0.3657,LIMIT,BUY,9
2026-06-03 19:43:32.435861,48104.33,0.0722,LIMIT,BUY,45
2026-06-03 20:08:54.419701,46864.84,0.372,LIMIT,BUY,33
2026-06-03 20:47:26.015364,46282.72,0.3617,LIMIT,BUY,3
2026-06-03 21:08:16.196099,48983.81,0.3135,LIMIT,BUY,9
2026-06-03 23:28:17.344502,49437.19,0.0505,MARKET,BUY,2
2026-06-03 23:54:03.857343,46504.19,0.5484,LIMIT,SELL,18
2026-06-03 23:54:05.965501,43794.53,0.095,LIMIT,BUY,25
2026-06-04 01:13:08.379506,43728.39,0.1402,LIMIT,SELL,21
2026-06-04 01:48:24.024324,48293.27,0.0991,LIMIT,SELL,19
2026-06-04 01:55:45.777226,47883.96,0.4823,LIMIT,SELL,18
2026-06-04 02:53:57.934505,47626.36,0.0592,LIMIT,SELL,28
2026-06-04 02:55:48.707703,47925.73,0.1857,MARKET,BUY,12
2026-06-04 02:56:36.961229,47822.11,0.1402,MARKET,BUY,2
2026-06-04 03:22:42.847514,49040.04,0.4836,MARKET,BUY,41
2026-06-04 03:33:12.556107,47010.81,0.0912,LIMIT,SELL,38
2026-06-04 04:18:51.576265,47787.91,0.0507,LIMIT,SELL,39
2026-06-04 04:42:19.417737,49022.77,0.478,LIMIT,BUY,20
2026-06-04 04:53:05.883215,45582.02,0.3297,MARKET,SELL,15
2026-06-04 04:53:52.367747,47106.9,0.0494,LIMIT,BUY,31
2026-06-04 05:31:59.854519,49285.88,0.1295,MARKET,SELL,5
2026-06-04 06:56:01.944606,47562.88,0.2164,LIMIT,BUY,39
2026-06-04 07:55:55.148373,43714.95,0.2597,LIMIT,SELL,21
2026-06-04 07:55:55.148373,43714.95,0.2597,LIMIT,BUY,39
2026-06-04 07:56:03.148373,43724.95,0.2597,LIMIT,SELL,39
2026-06-04 08:28:51.449172,46582.79,0.0742,MARKET,SELL,36
2026-06-04 08:41:09.565868,47858.77,0.2492,MARKET,BUY,41
2026-06-04 09:07:04.632322,46799.43,0.7181,LIMIT,BUY,43
2026-06-04 09:08:12.445401,49397.25,0.43,LIMIT,SELL,49
2026-06-04 09:17:46.438482,49218.03,0.0885,LIMIT,BUY,48
2026-06-04 09:18:44.837597,47129.39,0.1818,LIMIT,SELL,50
2026-06-04 09:23:22.263749,49223.67,0.2192,LIMIT,BUY,20
2026-06-04 09:31:49.707566,48133.45,0.9832,LIMIT,SELL,27
2026-06-04 09:41:26.191758,47203.93,0.2318,LIMIT,SELL,10
2026-06-04 09:41:59.191395,50972.18,0.5474,LIMIT,BUY,23
2026-06-04 09:44:14.946623,47547.01,0.0666,LIMIT,SELL,40
2026-06-04 09:55:48.986981,47856.46,0.3184,LIMIT,BUY,24
2026-06-04 10:11:22.186444,47334.87,0.486,LIMIT,BUY,33
2026-06-04 10:12:09.642626,48423.8,0.2383,LIMIT,SELL,6
2026-06-04 10:12:22.971269,50934.68,0.1842,LIMIT,BUY,15
2026-06-04 10:13:49.931045,48405.08,0.2321,LIMIT,SELL,3
2026-06-04 10:25:31.284297,44958.67,0.3327,MARKET,SELL,2
2026-06-04 10:31:08.864952,46242.87,0.1679,LIMIT,SELL,43
2026-06-04 10:41:27.407219,44957.35,0.159,LIMIT,SELL,23
2026-06-04 10:53:02.641317,48550.22,0.0519,MARKET,SELL,7
2026-06-04 10:58:52.242561,50145.89,0.4878,MARKET,BUY,17
2026-06-04 11:06:30.850322,49719.57,0.2389,LIMIT,BUY,35
2026-06-04 11:16:02.094246,49603.06,0.9129,MARKET,SELL,28
2026-06-04 11:17:44.820896,49196.62,0.6293,LIMIT,SELL,47
2026-06-04 11:19:38.131097,47884.78,0.1303,LIMIT,SELL,19
2026-06-04 11:22:26.247198,48638.97,0.7553,LIMIT,BUY,48
2026-06-04 11:30:27.765913,49985.32,0.081,LIMIT,SELL,29
2026-06-04 11:36:53.773869,46354.15,0.173,MARKET,SELL,30
2026-06-04 11:37:26.409072,48059.23,0.589,LIMIT,SELL,34
2026-06-04 11:40:09.596238,48634.56,0.2021,MARKET,BUY,29
2026-06-04 11:42:38.646186,47173.08,0.1677,MARKET,BUY,3
2026-06-04 11:49:51.587385,47648.99,0.0673,LIMIT,SELL,46
2026-06-04 12:10:57.648672,45694.63,0.3623,LIMIT,SELL,24
2026-06-04 12:12:53.450279,48243.31,0.3084,LIMIT,SELL,43
2026-06-04 12:14:07.779999,52006.3,0.2053,LIMIT,SELL,35
2026-06-04 12:19:12.189015,49109.36,0.1672,MARKET,SELL,12
2026-06-04 12:21:50.647712,48636.18,0.1905,LIMIT,SELL,43
2026-06-04 12:22:40.715402,48438.21,0.3627,MARKET,SELL,17
2026-06-04 12:24:31.091187,49557.52,0.2614,LIMIT,SELL,43
2026-06-04 12:39:58.300882,51145.27,0.0247,MARKET,BUY,35
2026-06-04 12:43:14.997657,50455.57,0.259,LIMIT,BUY,38
2026-06-04 12:44:42.409920,47058.53,0.2494,LIMIT,SELL,32
2026-06-04 12:47:09.679013,47920.77,0.2503,MARKET,SELL,15
2026-06-04 12:52:45.425000,49358.84,0.8412,LIMIT,SELL,8
2026-06-04 12:56:57.913512,46558.94,0.1591,LIMIT,BUY,41
2026-06-04 13:00:07.621256,47617.78,0.2869,LIMIT,SELL,16
2026-06-04 13:01:36.071727,46619.41,0.1798,LIMIT,BUY,46
2026-06-04 13:03:03.908073,51197.02,0.2217,LIMIT,SELL,28
2026-06-04 13:04:26.482264,46794.79,0.0925,LIMIT,SELL,18
2026-06-04 13:05:13.940955,45047.65,0.3729,LIMIT,SELL,3
2026-06-04 13:11:57.640038,47397.32,0.1427,MARKET,BUY,14
2026-06-04 13:13:14.110624,48887.23,0.964,LIMIT,SELL,31
2026-06-04 13:13:21.716529,47185.55,0.2218,LIMIT,BUY,16
2026-06-04 13:21:18.275491,46228.2,0.8388,MARKET,BUY,25
2026-06-04 13:26:32.117466,49486.28,0.2648,MARKET,BUY,31
2026-06-04 13:27:58.833755,48228.72,0.1088,MARKET,BUY,29
2026-06-04 13:28:17.092063,48165.54,0.2025,LIMIT,BUY,22
2026-06-04 13:29:41.674000,48024.9,0.138,LIMIT,BUY,48
2026-06-04 13:29:44.604460,49086.52,0.1181,MARKET,BUY,34
2026-06-04 13:31:54.878659,49743.61,0.113,LIMIT,BUY,35
2026-06-04 13:47:19.332755,46871.96,0.2053,MARKET,BUY,16
2026-06-04 13:48:20.306867,46765.8,1.02,LIMIT,SELL,30
2026-06-04 13:49:12.513647,46703.16,0.0897,LIMIT,SELL,48
2026-06-04 13:55:43.118343,46160.4,0.3193,LIMIT,SELL,46
2026-06-04 13:56:52.145547,49782.14,0.1167,MARKET,BUY,15
2026-06-04 13:58:59.847379,48950.77,0.2627,MARKET,SELL,35
2026-06-04 14:08:21.802554,46386.44,0.1019,LIMIT,BUY,5
2026-06-04 14:11:52.158224,49399.97,0.2417,LIMIT,BUY,5
2026-06-04 14:30:11.941864,45076.39,0.5729,LIMIT,SELL,32
2026-06-04 14:30:34.497656,47571.3,0.098,LIMIT,BUY,17
2026-06-04 14:33:29.379665,47273.43,0.17,LIMIT,SELL,49
2026-06-04 14:34:52.185125,45008.26,0.4335,LIMIT,BUY,18
2026-06-04 14:35:03.021703,47706.76,0.1966,LIMIT,SELL,6
2026-06-04 14:35:40.635995,48663.54,0.1309,LIMIT,SELL,17
2026-06-04 14:43:18.278442,47448.51,0.0772,LIMIT,SELL,10
2026-06-04 14:43:56.991633,50727.49,0.2468,MARKET,BUY,17
2026-06-04 14:55:22.894030,50606.79,0.4107,LIMIT,BUY,25
2026-06-04 14:56:31.657058,49936.59,0.6674,LIMIT,BUY,11
2026-06-04 15:01:03.002758,55118.12,0.1116,LIMIT,SELL,33
2026-06-04 15:01:26.386841,45420.54,0.1366,LIMIT,SELL,1
2026-06-04 15:04:25.302437,47976.06,0.2199,LIMIT,BUY,22
2026-06-04 15:06:48.986282,48760.69,0.4244,LIMIT,SELL,15
2026-06-04 15:14:11.505991,46246.23,2.0,LIMIT,SELL,50
2026-06-04 15:19:06.876943,48163.81,0.3821,MARKET,BUY,17
2026-06-04 15:21:12.046000,48252.66,0.5924,MARKET,SELL,21
2026-06-04 15:21:47.841517,45137.57,0.1085,LIMIT,SELL,40
2026-06-04 15:25:37.611547,45107.11,0.095,LIMIT,SELL,13
2026-06-04 15:27:03.604544,46873.17,0.1285,MARKET,SELL,6
2026-06-04 15:28:15.875139,45524.76,0.4068,LIMIT,SELL,19
2026-06-04 15:29:04.026705,48635.0,0.0783,MARKET,SELL,40
2026-06-04 15:40:39.843996,48375.45,0.8587,LIMIT,SELL,7
2026-06-04 15:44:30.550290,46115.32,0.1419,MARKET,SELL,22
2026-06-04 15:45:32.536853,48860.6,0.1671,MARKET,SELL,28
2026-06-04 15:46:21.501582,47652.88,0.3876,MARKET,BUY,47
2026-06-04 15:49:43.056220,50677.56,0.1661,LIMIT,SELL,19
2026-06-04 15:51:30.885192,47225.79,0.4061,LIMIT,SELL,28
2026-06-04 15:58:20.869224,46153.68,0.8213,MARKET,SELL,47
2026-06-04 16:04:09.938534,43339.53,0.0571,MARKET,SELL,2
2026-06-04 16:05:45.159830,46430.13,0.3649,MARKET,BUY,38
2026-06-04 16:13:23.249593,47950.74,0.3478,LIMIT,BUY,22
2026-06-04 16:17:19.343076,49408.67,0.4096,LIMIT,SELL,7
2026-06-04 16:17:46.831984,48059.19,0.3777,LIMIT,BUY,30
2026-06-04 16:22:02.490338,49293.58,0.2817,LIMIT,SELL,45
2026-06-04 16:24:01.564588,46758.48,0.5844,MARKET,BUY,8
2026-06-04 16:31:28.192131,47989.91,0.3126,MARKET,BUY,2
2026-06-04 16:33:21.423946,47493.35,0.1373,LIMIT,BUY,37
2026-06-04 16:35:04.704730,48585.97,0.1574,LIMIT,SELL,37
2026-06-04 16:40:03.432497,48684.24,0.478,LIMIT,BUY,21
2026-06-04 16:40:22.047896,47316.75,0.2499,LIMIT,SELL,36
2026-06-04 16:40:39.304242,49253.44,0.1109,LIMIT,SELL,33
2026-06-04 16:48:35.030458,43567.42,0.1833,LIMIT,BUY,24
2026-06-04 16:48:35.717404,48104.34,0.392,LIMIT,BUY,13
2026-06-04 16:51:57.945883,47601.02,0.0836,LIMIT,SELL,1
2026-06-04 16:56:36.933662,48083.15,0.2555,LIMIT,SELL,31
2026-06-04 16:57:47.088294,45524.81,0.1525,LIMIT,BUY,31
2026-06-04 17:24:14.546189,47841.58,0.6168,LIMIT,SELL,46
2026-06-04 17:27:03.111956,47770.3,0.1591,LIMIT,SELL,31
2026-06-04 17:27:22.198591,47413.99,0.0809,MARKET,SELL,15
2026-06-04 17:59:57.429917,48658.99,0.2795,MARKET,BUY,26
2026-06-04 19:09:51.936290,47946.37,0.1957,LIMIT,BUY,4
2026-06-04 20:13:33.097663,43473.02,0.3342,MARKET,SELL,23
2026-06-04 20:33:03.566198,45442.77,0.2804,LIMIT,BUY,4
2026-06-04 21:11:58.226016,49014.54,0.2593,LIMIT,SELL,24
2026-06-04 22:00:23.561867,47779.07,0.195,LIMIT,BUY,9
2026-06-04 22:18:43.746885,49018.23,0.2945,LIMIT,BUY,25
2026-06-04 23:48:11.430146,48026.48,0.0629,LIMIT,SELL,12
2026-06-05 00:15:16.468836,44912.49,0.2208,MARKET,SELL,8
2026-06-05 01:14:58.016618,50901.73,0.0464,MARKET,SELL,50
2026-06-05 02:15:47.787864,50371.45,0.3919,LIMIT,SELL,10
2026-06-05 03:43:28.516327,47747.9,0.0641,LIMIT,BUY,42
2026-06-05 04:41:25.689519,47895.51,0.0613,LIMIT,BUY,26
2026-06-05 05:15:53.921409,47393.84,0.3672,LIMIT,BUY,33
2026-06-05 05:49:08.432439,49561.53,0.1603,LIMIT,BUY,14
2026-06-05 06:31:56.673804,49196.65,0.5978,MARKET,SELL,33
2026-06-05 09:10:57.494216,43048.36,0.1643,LIMIT,SELL,48
2026-06-05 09:11:51.114235,46495.58,0.3071,LIMIT,BUY,43
2026-06-05 09:11:51.114235,46495.58,0.3071,MARKET,BUY,17
2026-06-05 09:11:57.114235,46616.58,0.3071,LIMIT,SELL,43
2026-06-05 09:18:35.908138,47473.4,0.0876,LIMIT,BUY,23
2026-06-05 09:24:58.680058,44757.72,0.1809,MARKET,BUY,16
2026-06-05 09:27:32.021600,48187.57,0.7217,LIMIT,SELL,38
2026-06-05 09:30:18.057512,44698.44,0.2927,LIMIT,SELL,47
2026-06-05 09:32:04.799548,47049.66,0.3139,LIMIT,SELL,40
2026-06-05 09:33:26.372799,49596.57,0.1076,LIMIT,SELL,32
2026-06-05 09:35:47.236018,49304.13,0.5494,LIMIT,BUY,42
2026-06-05 09:38:06.515427,43972.43,0.0451,LIMIT,SELL,32
2026-06-05 09:43:14.548414,48075.01,85.7,MARKET,BUY,23
2026-06-05 09:50:41.756598,49609.23,0.1794,LIMIT,SELL,32
2026-06-05 09:54:57.207402,46886.11,0.2564,LIMIT,SELL,44
2026-06-05 10:10:37.247811,48081.97,0.1602,LIMIT,SELL,45
2026-06-05 10:16:17.462781,45601.23,0.1478,MARKET,SELL,34
2026-06-05 10:22:51.608234,49306.21,0.1092,MARKET,BUY,33
2026-06-05 10:23:32.764892,49341.26,0.484,LIMIT,BUY,13
2026-06-05 10:24:32.153768,55356.67,0.8195,MARKET,SELL,8
2026-06-05 10:28:26.585912,46037.82,0.4595,LIMIT,SELL,43
2026-06-05 10:28:48.942010,48466.14,0.2538,LIMIT,BUY,48
2026-06-05 10:29:06.712143,50741.75,0.0488,LIMIT,BUY,41
2026-06-05 10:32:39.142637,48647.04,0.582,MARKET,BUY,42
2026-06-05 10:44:59.343791,44078.71,0.0771,LIMIT,SELL,11
2026-06-05 10:50:06.735518,47997.5,0.1064,MARKET,BUY,18
2026-06-05 10:53:19.838189,44598.85,0.2396,LIMIT,BUY,35
2026-06-05 10:54:14.845838,48458.35,0.1424,LIMIT,BUY,28
2026-06-05 11:06:36.614016,50569.47,0.197,LIMIT,SELL,42
2026-06-05 11:09:04.998234,47874.51,0.4509,LIMIT,SELL,3
2026-06-05 11:25:35.248916,48109.57,0.3589,MARKET,BUY,24
2026-06-05 11:29:55.808164,48894.26,0.1048,LIMIT,BUY,12
2026-06-05 11:38:00.004632,47087.28,0.2644,LIMIT,BUY,39
2026-06-05 11:42:54.224117,43504.72,0.1447,LIMIT,SELL,24
2026-06-05 11:44:43.899976,48918.64,0.5405,MARKET,SELL,12
2026-06-05 11:51:38.641360,50427.01,0.2619,LIMIT,BUY,19
2026-06-05 11:54:19.436297,47672.07,0.1108,MARKET,SELL,27
2026-06-05 11:56:18.079086,46374.91,0.0435,MARKET,BUY,26
2026-06-05 11:59:31.500257,46839.88,0.0262,LIMIT,SELL,1
2026-06-05 11:59:32.286304,46717.85,0.2831,MARKET,BUY,22
2026-06-05 12:02:22.908196,46545.32,0.3563,LIMIT,BUY,47
2026-06-05 12:05:14.600235,47903.69,0.1076,LIMIT,SELL,26
2026-06-05 12:06:09.282358,47457.99,0.2811,LIMIT,SELL,9
2026-06-05 12:06:50.910765,48289.99,0.187,LIMIT,SELL,36
2026-06-05 12:18:46.327238,48738.58,0.3838,LIMIT,BUY,7
2026-06-05 12:19:06.239540,48510.24,0.0907,MARKET,SELL,10
2026-06-05 12:21:41.362823,48990.55,0.4412,MARKET,BUY,13
2026-06-05 12:25:40.174004,44132.19,0.4547,MARKET,BUY,39
2026-06-05 12:28:05.091418,47189.89,0.2418,MARKET,SELL,50
2026-06-05 12:34:40.170104,49425.03,0.1696,LIMIT,SELL,17
2026-06-05 12:40:08.298389,46693.67,0.5674,MARKET,BUY,22
2026-06-05 12:40:25.092178,44993.36,0.1253,LIMIT,BUY,16
2026-06-05 12:55:29.749143,48601.53,1.3564,LIMIT,BUY,50
2026-06-05 12:59:08.636726,48422.64,0.2522,LIMIT,SELL,19
2026-06-05 13:05:40.996800,48026.15,0.2728,LIMIT,SELL,14
2026-06-05 13:11:13.471886,43025.12,0.3565,LIMIT,SELL,10
2026-06-05 13:17:41.585358,44827.4,0.2421,LIMIT,BUY,39
2026-06-05 13:21:34.317456,48841.21,0.1792,LIMIT,SELL,20
2026-06-05 13:22:09.013104,49103.8,0.0805,LIMIT,BUY,9
2026-06-05 13:23:14.691375,50138.52,0.2942,LIMIT,BUY,27
2026-06-05 13:26:56.876663,45217.25,0.1616,LIMIT,BUY,40
2026-06-05 13:36:45.341471,47656.74,0.1122,LIMIT,SELL,6
2026-06-05 13:43:44.449641,48277.53,0.166,MARKET,BUY,24
2026-06-05 13:43:58.871913,48933.03,0.8882,LIMIT,BUY,14
2026-06-05 13:46:30.104352,47627.34,0.4465,LIMIT,BUY,49
2026-06-05 13:47:51.015199,49210.34,0.0881,LIMIT,BUY,11
2026-06-05 13:48:16.108283,46002.92,0.1162,LIMIT,SELL,23
2026-06-05 13:50:39.572439,47017.63,0.4152,LIMIT,SELL,25
2026-06-05 13:50:51.501554,49047.42,0.3548,LIMIT,BUY,17
2026-06-05 13:51:08.832237,48611.3,0.1378,MARKET,BUY,10
2026-06-05 13:52:13.407785,46396.94,0.1455,LIMIT,SELL,37
2026-06-05 13:59:02.808987,47933.44,0.1624,LIMIT,SELL,39
2026-06-05 14:00:00.575468,48281.29,0.3052,LIMIT,SELL,40
2026-06-05 14:02:13.646549,47262.22,0.1844,LIMIT,SELL,30
2026-06-05 14:08:03.752343,50154.49,0.277,LIMIT,SELL,39
2026-06-05 14:09:08.288466,48126.79,0.0528,LIMIT,SELL,25
2026-06-05 14:09:11.529245,45465.35,0.0954,LIMIT,SELL,20
2026-06-05 14:10:29.383042,50722.77,0.0499,LIMIT,SELL,15
2026-06-05 14:13:26.782421,47241.18,0.1274,MARKET,SELL,28
2026-06-05 14:13:29.977148,48064.4,0.2249,LIMIT,BUY,7
2026-06-05 14:16:40.096295,43979.86,0.1401,MARKET,BUY,49
2026-06-05 14:19:10.384533,47846.03,0.2734,MARKET,SELL,10
2026-06-05 14:25:56.767357,49565.14,0.2453,LIMIT,SELL,20
2026-06-05 14:41:14.363660,50795.82,0.2552,LIMIT,BUY,20
2026-06-05 14:42:20.552376,49472.98,0.3055,LIMIT,BUY,3
2026-06-05 14:44:01.986526,48476.17,0.8155,LIMIT,SELL,38
2026-06-05 14:47:17.207277,47656.13,0.2023,LIMIT,SELL,10
2026-06-05 14:48:14.765906,49574.82,0.3382,LIMIT,BUY,4
2026-06-05 14:52:49.863276,48601.7,0.2396,LIMIT,SELL,21
2026-06-05 14:53:04.940863,48026.2,0.1077,MARKET,BUY,17
2026-06-05 14:56:16.005761,43486.51,0.2782,LIMIT,SELL,46
2026-06-05 15:00:43.897399,47679.19,0.3745,LIMIT,SELL,22
2026-06-05 15:00:45.463107,44708.55,0.2045,MARKET,SELL,40
2026-06-05 15:02:48.935828,50808.66,0.5505,LIMIT,SELL,21
2026-06-05 15:08:13.937138,43859.26,0.3643,MARKET,SELL,15
2026-06-05 15:17:07.741565,44573.16,0.1731,MARKET,BUY,20
2026-06-05 15:21:05.485757,51757.72,0.1368,MARKET,SELL,46
2026-06-05 15:25:24.713942,47405.1,0.442,LIMIT,BUY,4
2026-06-05 15:28:16.562525,44084.19,0.1879,LIMIT,BUY,18
2026-06-05 15:36:19.306681,50174.46,0.2852,MARKET,BUY,19
2026-06-05 15:49:34.987710,47588.01,0.4171,LIMIT,SELL,37
2026-06-05 16:00:09.390555,46711.12,0.3665,LIMIT,SELL,1
2026-06-05 16:01:21.550959,51115.74,0.3885,LIMIT,SELL,1
2026-06-05 16:01:53.627322,49009.07,0.0903,LIMIT,BUY,16
2026-06-05 16:09:36.338805,45607.75,0.51,LIMIT,BUY,7
2026-06-05 16:29:37.657192,48086.86,0.2683,LIMIT,SELL,11
2026-06-05 16:42:55.252015,46108.56,0.1047,LIMIT,BUY,1
2026-06-05 16:43:50.820684,43393.91,0.149,LIMIT,SELL,8
2026-06-05 16:45:44.998163,47454.53,0.201,LIMIT,BUY,2
2026-06-05 16:47:52.593574,48810.4,0.4035,MARKET,SELL,24
2026-06-05 16:58:46.755044,51684.96,0.2347,LIMIT,SELL,7
2026-06-05 19:26:15.178175,50742.77,0.5068,LIMIT,BUY,9
2026-06-05 19:40:00.999365,47647.9,0.2005,LIMIT,SELL,26
2026-06-05 19:40:49.618431,47144.02,0.1493,MARKET,BUY,10
2026-06-05 20:10:19.527473,45184.47,0.3019,LIMIT,SELL,11
2026-06-05 20:22:58.554217,46270.14,0.2656,LIMIT,BUY,7
2026-06-05 21:33:12.316447,48493.44,0.18,LIMIT,SELL,3
2026-06-05 22:19:35.381402,46462.68,0.0667,MARKET,BUY,47
2026-06-05 22:41:41.303785,50310.64,0.2047,LIMIT,SELL,24
2026-06-05 23:44:10.929953,48123.8,0.038,LIMIT,SELL,6
2026-06-05 23:59:46.296283,47926.91,0.1879,LIMIT,BUY,31
2026-06-06 00:30:37.105483,46815.37,50.83,MARKET,SELL,17
2026-06-06 01:02:52.034776,48415.66,0.3481,MARKET,SELL,21
2026-06-06 01:43:13.209525,44947.23,0.159,MARKET,BUY,12
2026-06-06 02:12:44.216641,45304.98,0.3566,MARKET,BUY,36
2026-06-06 02:14:37.114606,51439.29,0.1591,LIMIT,BUY,30
2026-06-06 02:20:48.528113,45640.42,0.1467,LIMIT,BUY,34
2026-06-06 02:28:47.980030,46351.14,0.4428,MARKET,BUY,17
2026-06-06 02:39:30.129717,46833.61,0.2375,MARKET,SELL,39
2026-06-06 02:58:46.660266,45301.73,0.6822,LIMIT,SELL,22
2026-06-06 05:21:17.538486,48302.99,0.2104,LIMIT,SELL,21
2026-06-06 05:50:51.448394,47294.66,0.1314,LIMIT,BUY,33
2026-06-06 06:03:21.721348,46670.83,0.5023,LIMIT,SELL,35
2026-06-06 07:23:13.368705,46977.17,0.0879,MARKET,BUY,4
2026-06-06 07:35:11.006374,46405.86,0.1277,LIMIT,SELL,47
2026-06-06 07:36:55.826342,46598.48,0.1526,MARKET,SELL,3
2026-06-06 07:42:09.523455,44635.34,0.1329,LIMIT,SELL,33
2026-06-06 08:04:40.608378,48896.26,0.1728,LIMIT,BUY,30
2026-06-06 09:06:41.590501,48533.18,0.1776,LIMIT,BUY,14
2026-06-06 09:07:04.092723,42900.54,0.1087,LIMIT,BUY,49
2026-06-06 09:09:39.563362,48984.43,0.25,MARKET,SELL,33
2026-06-06 09:14:15.136671,48665.17,0.348,LIMIT,SELL,45
2026-06-06 09:15:18.966720,48471.95,0.1239,MARKET,BUY,20
2026-06-06 09:15:58.431983,49997.69,0.0738,LIMIT,SELL,6
2026-06-06 09:21:54.538638,46907.95,1.2628,LIMIT,SELL,21
2026-06-06 09:22:17.038339,47445.79,0.1378,LIMIT,BUY,6
2026-06-06 09:22:49.843768,46892.88,0.0649,LIMIT,SELL,34
2026-06-06 09:25:16.371520,43367.19,0.6628,LIMIT,SELL,41
2026-06-06 09:27:40.537269,48046.96,0.2326,MARKET,BUY,13
2026-06-06 09:31:29.902868,48335.8,1.2897,MARKET,BUY,13
2026-06-06 09:32:26.755846,51014.08,0.4049,MARKET,SELL,28
2026-06-06 09:47:42.068073,47026.18,0.0633,LIMIT,BUY,18
2026-06-06 09:57:47.766232,46316.34,0.0975,LIMIT,BUY,17
2026-06-06 10:00:18.197886,45893.41,0.5974,LIMIT,SELL,27
2026-06-06 10:09:28.396388,45138.37,0.073,MARKET,BUY,8
2026-06-06 10:12:58.532737,44319.47,0.7605,LIMIT,SELL,25
2026-06-06 10:14:00.847303,48435.39,0.0874,LIMIT,BUY,48
2026-06-06 10:24:25.367785,48758.72,0.2012,LIMIT,SELL,35
2026-06-06 10:27:22.924504,46750.08,0.1142,LIMIT,SELL,5
2026-06-06 10:31:41.026049,48825.29,0.2398,LIMIT,SELL,25
2026-06-06 10:40:24.518051,47966.86,0.4312,MARKET,BUY,26
2026-06-06 10:42:35.159357,51118.47,0.1961,LIMIT,SELL,49
2026-06-06 10:50:53.248863,51010.1,87.18,MARKET,BUY,45
2026-06-06 10:51:44.260662,46643.93,0.8459,LIMIT,SELL,2
2026-06-06 10:52:47.431304,46239.86,0.0492,LIMIT,SELL,33
2026-06-06 10:57:48.424003,46076.01,0.1874,LIMIT,BUY,40
2026-06-06 11:09:05.558684,46182.29,0.1297,LIMIT,BUY,19
2026-06-06 11:12:44.658086,47619.21,0.0989,MARKET,SELL,10
2026-06-06 11:13:05.114159,47103.67,0.6583,LIMIT,SELL,12
2026-06-06 11:15:07.658427,46931.58,0.4799,LIMIT,SELL,44
2026-06-06 11:16:06.080425,48645.12,0.8317,LIMIT,BUY,36
2026-06-06 11:21:43.667199,50229.22,0.1899,LIMIT,SELL,14
2026-06-06 11:23:20.652175,49056.47,0.2007,MARKET,BUY,16
2026-06-06 11:31:53.375454,46407.2,0.224,LIMIT,BUY,2
2026-06-06 11:37:38.486104,50721.89,0.5637,MARKET,BUY,8
2026-06-06 11:40:31.759084,49715.49,0.693,MARKET,SELL,23
2026-06-06 11:43:02.073935,45444.17,1.2137,LIMIT,BUY,15
2026-06-06 11:43:53.426202,46810.68,0.2712,LIMIT,BUY,46
2026-06-06 11:46:52.639969,47713.06,0.6505,LIMIT,BUY,32
2026-06-06 11:47:19.439061,49731.56,0.2734,MARKET,SELL,14
2026-06-06 11:47:53.168251,47979.18,0.301,MARKET,BUY,13
2026-06-06 11:56:54.100202,49358.07,0.1169,MARKET,BUY,1
2026-06-06 12:06:21.817193,51185.01,0.4443,LIMIT,SELL,45
2026-06-06 12:18:54.251278,47551.06,0.1846,MARKET,SELL,17
2026-06-06 12:19:12.545449,49744.94,0.6454,LIMIT,SELL,21
2026-06-06 12:19:27.240066,44937.26,0.2223,LIMIT,BUY,50
2026-06-06 12:25:15.633266,48951.72,0.2977,LIMIT,BUY,1
2026-06-06 12:27:33.704474,46931.57,0.5929,LIMIT,BUY,11
2026-06-06 12:34:12.445330,48475.27,0.252,LIMIT,BUY,25
2026-06-06 12:37:24.215233,47102.06,0.2766,LIMIT,SELL,21
2026-06-06 12:55:46.629258,58022.39,0.0537,MARKET,SELL,46
2026-06-06 12:58:33.867750,47069.59,56.02,LIMIT,BUY,3
2026-06-06 13:01:38.282921,51111.69,0.2346,MARKET,BUY,39
2026-06-06 13:07:47.314780,44452.85,0.183,LIMIT,SELL,43
2026-06-06 13:14:52.170781,49275.05,0.2817,LIMIT,SELL,9
2026-06-06 13:28:54.399101,47815.73,0.0569,LIMIT,BUY,36
2026-06-06 13:29:45.578379,48164.26,0.1015,LIMIT,BUY,16
2026-06-06 13:31:49.674051,48431.39,0.1968,MARKET,BUY,28
2026-06-06 13:32:22.139167,49764.54,0.2141,MARKET,BUY,15
2026-06-06 13:36:22.541526,47185.48,0.2529,LIMIT,SELL,34
2026-06-06 13:37:13.393579,43785.65,0.3918,LIMIT,SELL,18
2026-06-06 13:44:21.517358,49299.02,0.068,LIMIT,SELL,12
2026-06-06 13:46:30.213477,49200.72,0.3286,MARKET,SELL,33
2026-06-06 13:55:32.132528,46456.47,0.3408,MARKET,SELL,7
2026-06-06 13:57:54.580971,48209.4,0.225,LIMIT,BUY,27
2026-06-06 14:00:37.821503,48309.67,0.4465,LIMIT,SELL,40
2026-06-06 14:02:17.945121,43175.94,0.7687,LIMIT,SELL,4
2026-06-06 14:06:42.713224,46186.75,0.2073,MARKET,BUY,43
2026-06-06 14:09:26.168214,47630.75,0.2631,MARKET,SELL,23
2026-06-06 14:13:31.841425,48940.88,0.198,MARKET,SELL,27
2026-06-06 14:21:10.769131,49184.92,0.2918,LIMIT,SELL,17
2026-06-06 14:32:16.237969,46339.52,0.494,LIMIT,SELL,44
2026-06-06 14:37:04.222066,47894.7,0.3302,LIMIT,SELL,28
2026-06-06 14:41:00.247929,47346.21,0.2995,LIMIT,BUY,42
2026-06-06 14:45:11.488484,49617.58,0.339,MARKET,BUY,17
2026-06-06 14:46:45.647894,48450.08,0.2095,LIMIT,SELL,31
2026-06-06 14:47:24.750183,49940.22,0.1029,MARKET,SELL,36
2026-06-06 14:50:09.883249,46593.61,0.4538,LIMIT,SELL,35
2026-06-06 15:07:58.919414,48545.62,0.0672,LIMIT,SELL,36
2026-06-06 15:21:07.675049,49158.83,0.751,LIMIT,BUY,14
2026-06-06 15:27:04.172727,47619.5,0.4502,MARKET,SELL,16
2026-06-06 15:27:47.539748,44095.45,0.2775,LIMIT,SELL,25
2026-06-06 15:47:00.695703,48115.26,2.0,MARKET,SELL,47
2026-06-06 15:48:01.571294,48536.6,0.1945,MARKET,SELL,49
2026-06-06 16:06:28.376553,49856.83,0.1697,LIMIT,SELL,40
2026-06-06 16:14:11.047926,47590.11,0.4527,LIMIT,BUY,34
2026-06-06 16:16:10.646793,48063.03,0.4322,LIMIT,BUY,30
2026-06-06 16:16:10.646793,48063.03,0.4322,LIMIT,BUY,31
2026-06-06 16:16:17.646793,47705.63,0.4322,LIMIT,SELL,31
2026-06-06 16:18:26.974618,48382.96,0.097,LIMIT,SELL,12
2026-06-06 16:25:49.100445,47101.78,0.1312,LIMIT,SELL,41
2026-06-06 16:26:09.434392,48816.49,0.0758,LIMIT,BUY,22
2026-06-06 16:56:18.269132,47894.63,0.0763,LIMIT,SELL,39
2026-06-06 17:44:39.224300,47108.53,0.0558,LIMIT,BUY,47
2026-06-06 18:05:41.028576,57186.63,0.0498,LIMIT,SELL,33
2026-06-06 19:17:01.940721,46209.93,0.1859,LIMIT,BUY,2
2026-06-06 21:00:27.039903,52150.33,0.155,MARKET,SELL,5
2026-06-06 22:10:55.207644,49332.13,0.8143,MARKET,BUY,24
2026-06-06 22:11:16.309664,51680.62,0.4956,LIMIT,SELL,10
2026-06-06 22:16:12.134258,48749.54,0.4499,LIMIT,BUY,16
2026-06-06 22:45:16.076690,46831.36,1.024,MARKET,SELL,2
